user,text,label
u/vwin90,High school students using fingers to add and unable to do multiplication or division at age 17.,professional_obs
u/SkylarJokker,Brazilian history students (ages 11-15) refuse to write a single sentence or attempt open-ended questions.,professional_obs
u/kaylikesalatte,Assessment of 47 6th graders found over 20 were reading below a 2nd grade level.,professional_obs
u/vwin90,Bottom 10-20% of high school students write like 1st graders and guess letters rather than decoding.,professional_obs
u/WanderingBull2000,Apprentice in process engineering unable to digest a 4-page SOP with bullet points and images.,professional_obs
u/ProfDoomDoom,30% of first-year college students refuse to start basic writing assignments despite step-by-step scaffolds.,professional_obs
u/Pavotine,Trade school plumbing students in Britain unable to read an analogue clock on the workshop wall.,professional_obs
u/daniedviv23,College students unable to make reasonable guesses using common sense or context on handwritten tests.,professional_obs
u/illy-chan,Recent workplace intern had to ask for a definition of the word 'alphabetize' before filing.,professional_obs
u/LessFeature9350,Adult student teachers with degrees confused by 'Aaron' coming before 'Abby' because both start with A.,professional_obs
u/coolestdudette,"German teacher handing out enormous amounts of D and F grades, including failures on oral exams.",professional_obs
u/dragonmom1,Curriculum glosses over math basics like times tables to cover algebra concepts too early.,professional_obs
u/theaveragethiopian,Only 15% of intro economics students at a mid-tier university can multiply 17 by 3 mentally.,professional_obs
u/Omgshinyobject,Chemistry students ask for help on worksheets before they have even attempted to read the instructions.,professional_obs
u/mathman17,"Students confused by a horizontal line on a worksheet, asking what they should write on the line.",professional_obs
u/gummibearnightmares,"Retail workers aged 19-22 write digits so illegibly that 6s, 9s, and 0s are indistinguishable.",professional_obs
u/fastfood12,"Fourth grade students unable to name their city, state, and country during a government unit quiz.",professional_obs
u/TheOldOak,14-year-old asked how to 'draw the letter a' because he forgot how to spell his own name.,professional_obs
u/C-RebelleYell,6th grade student during a state test asked the teacher if a rectangle was 'a long square.',professional_obs
u/canissilvestris,ER nurse reporting triage notes and patient comments with wildly misspelled words from medical staff.,professional_obs
u/VisionsOfClarity,High school summer hire unable to count back change even when the computer provides the amount.,professional_obs
u/blk-shp13,Fast food worker unable to calculate $2.00 change from a $25.80 payment on a $23.80 total.,professional_obs
u/Altruistic-Hat-4474,14-year-old student spelled 'because' as 'becuz' in a formal academic essay.,professional_obs
u/sofa_king_nice,Middle school students requiring scratch paper to solve simple arithmetic problems like 20 minus 18.,professional_obs
u/myrphie,Math teacher reports incoming high schoolers' elementary skills are markedly lower than in 2014.,professional_obs
u/beckster,Husband uses 'weaponized incompetence' unless the task involves a personal interest like sports or cars.,emotional_reaction
u/D3CEO20,Mathematics tutorials for undergrads showing clear 'fingerprints' of ChatGPT on every assignment.,professional_obs
u/TheOldOak,"Teenagers unable to interpret a 'Pool is closed' sign with numerical dates (e.g., 4 representing April).",professional_obs
u/AndeeCreative,College student labeled the clitoris on a male anatomical diagram during an exam.,professional_obs
u/vwin90,"Top 10% of students remain impressive, but run-of-the-mill honors kids now lack internal motivation.",professional_obs
u/Technical_Fuel_1988,Percentage of students who cheat has flipped; now only 10-15% are honest.,professional_obs
u/Technical_Fuel_1988,Honors students content with the bare minimum and demonstrate zero pride in overachieving.,professional_obs
u/vwin90,Non-honors high school students show very low tolerance for work and extremely short attention spans.,professional_obs
u/vwin90,17-year-olds using fingers to add basic numbers in a top-tier affluent school district.,professional_obs
u/Pavotine,"British plumbing students refusing to learn the analogue clock when offered, citing lack of necessity.",professional_obs
u/nononanana,Library patrons unable to format a street address or identify what a 'zip code' is on a form.,professional_obs
u/hydrangeasinbloom,Workplace interns freezing at the sight of any challenge and manipulating mentors for answers.,professional_obs
u/ProfDoomDoom,College students having literal tantrums over the requirement to use a library database.,professional_obs
u/Courtnall14,20% of high school ceramics students refuse to do any work regardless of enticements.,professional_obs
u/DefiantGibbon,New hire engineers unable to write C code without heavy intervention and ultimatums.,professional_obs
u/WanderingBull2000,Engineering employees terminated for critical errors despite detailed SOPs and visual aids.,professional_obs
u/Beragond1,Students trying to 'read' the teacher's face for clues rather than solving the problem.,professional_obs
u/brickwall5,Grad student asking 'what do you want us to say?' in response to an open-ended question.,professional_obs
u/SaltyShawarma,Six-year-old child showing zero curiosity until presented with a Minecraft survival challenge.,professional_obs
u/Vas-yMonRoux,Adults at work leaving 8 out of 10 lines blank on a form because they didn't read prompts.,professional_obs
u/koreth,Technical professional noticing cognitive slowing and memory degradation after a one-year sabbatical.,professional_obs
u/_BrokenButterfly,Preference for written instructions over 15-minute videos to facilitate faster referral and retention.,professional_obs
u/AsAChemicalEngineer,Struggling students admitting they never bought the textbook or attempted the reading.,professional_obs
u/Malevolent_Teaparty,High school junior giving a presentation but unable to decode the common word 'thought.',professional_obs
u/iesharael,Teenagers watching fantasy shows 20 times but unable to define the word 'fantasy' or 'magic.',professional_obs
u/badass4102,"20-year-old unable to provide his city, zip code, or mother's full name on a form.",professional_obs
u/Icy_Reward727,10th graders needing 5 class periods to write 5 paragraphs with sentence frames and scaffolds.,professional_obs
u/mt0386,Students with high-end smartphones asking a teacher 'how' to use Google.,professional_obs
u/kllove,Students missing two years of foundational learning due to excused absences and assessments.,professional_obs
u/Blametheorangejuice,Triple the number of college 'slackers' who show up to finals with notes on their arms.,professional_obs
u/DragonMeme,18-year-olds taking two hours to figure out how to make a free-swinging pendulum.,professional_obs
u/DragonMeme,"15-year-olds struggling to build a ramp out of boxes, showing a total lack of spatial skills.",professional_obs
u/unlovelyladybartleby,"Online 'fan theories' that are simply the basic, explicit plot points of the movie.",professional_obs
u/Jenzacade,Pre-K student asking 'how do I do that?' when prompted to use his imagination.,professional_obs
u/hauntedmushroom_,High school students requiring elementary worksheets to learn how to tell time.,professional_obs
u/igotshadowbaned,College programs adding two levels of remedial math previously unnecessary for entry.,professional_obs
u/TheDadThatGrills,Widespread literacy deficits on Reddit visible through incoherent post titles and syntax errors.,professional_obs
u/SlimBrady22,Facebook Marketplace users demonstrating functional illiteracy by asking questions answered in the ad.,professional_obs
u/callipygian0,UK phonics tests using 'alien' words to ensure kids can decode phonetically without guessing.,professional_obs
u/AndeeCreative,College students unable to write a cohesive paragraph or retain information for 13 years.,professional_obs
u/the_throw_away4728,Private school 6th graders reading at high school levels compared to low-income peers.,professional_obs
u/alexbgoode84,4-year-old in high-end daycare outperforming peers because of early academic exposure.,professional_obs
u/cfs3corsair,Canadian teacher feels like a 'complete failure' after trying to help students stop surrendering to challenges.,emotional_reaction
u/Icy_Reward727,Teacher reports going home and crying on a weekly basis due to the state of the classroom.,emotional_reaction
u/Green_Tartan_Scarf,Australian teacher describes students as 'little zombies' who offer zero attention or engagement.,emotional_reaction
u/shadow041,Teacher describes the current situation as an 'existential crisis' that is 'fucking fucked.',emotional_reaction
u/Money-Parfait-4358,Leaving the teaching profession described as waking up from a 'nightmare funk.',emotional_reaction
u/Icy_Reward727,Feeling 'upset' and needing to unplug in a garden after listing the ways students are damaged.,emotional_reaction
u/hic_sunt_leones_,Despair over subtext becoming a 'lost art' and people expecting to be spoon-fed information.,emotional_reaction
u/AuthorAltruistic3402,Sentiment that the entire discussion thread is 'horrifying' regarding the 'zoning out' of kids.,emotional_reaction
u/shadow041,Anger toward 'assholes' who mention summers off while teachers work second summer jobs.,emotional_reaction
u/oddjobs1979,Pronouncement that 'we're doomed' and that modern students are 'useless.',emotional_reaction
u/PhatBoosie,Literacy levels on Reddit described as 'astounding and horrifying' for the future of humanity.,emotional_reaction
u/IndividualNo1058,Sarcastic claim that writing more would be pointless because students 'would not bother reading it.',emotional_reaction
u/cfs3corsair,Desperation regarding 'cognitive surrender' and the feeling that no strategies are working.,emotional_reaction
u/AnRealDinosaur,Sadness over the 'lack of curiosity' and people not wanting to learn for the sake of interest.,emotional_reaction
u/itsacalamity,Intense frustration ('drives me nuts') when students zone out at the first sight of a challenge.,emotional_reaction
u/HillieBillieEilish,Worry about the safety of 'airplanes and elevators' built by people who cannot think.,emotional_reaction
u/itsacalamity,Melancholy over the 'Roman Empire' quote about bridges collapsing and no one coming to fix them.,emotional_reaction
u/wurmhats,Local government job described as 'soul-sucking' due to the 'learned helplessness' of the public.,emotional_reaction
u/Express_Adeptness306,Infuriated by the shift from simple text instructions to 15-minute 'how-to' videos.,emotional_reaction
u/raakonfrenzi,The inability of a high school junior to read the word 'thought' is 'downright terrifying.',professional_obs
u/Money-Parfait-4358,Teaching cited as the most 'disastrous' thing for the speaker's mental health.,emotional_reaction
u/Aeruhat,Heartbreak over children being unable to identify objects or colors before kindergarten.,emotional_reaction
u/heroyi,Feeling of impossibility when trying to repair 'gaps that are just so wide.',emotional_reaction
u/Jagang187,Visceral hatred expressed toward 'travel sports parents' who ignore education.,emotional_reaction
u/TheRealCBlazer,Relief and happiness that a professor is still giving 'F' grades rather than curving.,emotional_reaction
u/ValBravora048,Terror at the 'appearance' of knowledge through AI rather than genuine understanding.,emotional_reaction
u/hic_sunt_leones_,Feeling 'depressed' by people expecting everything on a silver platter with no brain activity.,emotional_reaction
u/accountantsareboring,"Feeling 'unsettled' and patronized by basic, 'spoon-fed' movie storylines.",emotional_reaction
u/Old_Imagination_2112,Dread inspired by the 1984 quote about the end of high-level conversation by 2050.,emotional_reaction
u/hexaflexin,Needing to 'put the book down' in shock after reading prescient passages in Fahrenheit 451.,emotional_reaction
u/AutoignitingDumpster,Frustration that remedial math students treat class as something to do just to make parents happy.,emotional_reaction
u/Wildlyhotdog,Nostalgia for a time when people were 'bullied' for simple spelling mistakes.,emotional_reaction
u/WillowSmithsBFF,Sentiment that the wrong 'there' should invalidate an entire online argument.,emotional_reaction
u/StunningStrain8,Shocked humor regarding the 'wild porn search history' of someone who confuses body parts.,emotional_reaction
u/TeacherManCT,Feeling ancient ('pet a dinosaur') when asking students if they read for fun.,emotional_reaction
u/Wordnerdette999,Shock at 'breaking a cashier's brain' with simple cash math involving 15 cents.,emotional_reaction
u/blk-shp13,Fast food worker 'tearing up' in a panic because they could not calculate change.,emotional_reaction
u/Wedding_Registry_Rec,Claim that students are 'terrible people' who don't know how to treat others.,emotional_reaction
u/Relatively_happy,Sadness over the 'absolute non-existence' of subjective discussion on Reddit.,emotional_reaction
u/XadAeon,Sarcastic reference to 'Idiocracy' and 'Brawndo' to describe current intelligence levels.,emotional_reaction
u/Green_Tartan_Scarf,Fear that 'something is wrong' with a generation of Australian 'zombie' children.,emotional_reaction
u/thegrammarspammer,Hostility toward the OP for using 'ext' while asking about a literacy crisis.,emotional_reaction
u/ChristmasHippo,Deep concern over the 'abhorrent' lack of critical thinking in modern students.,emotional_reaction
u/InitialBest9819,Grief over seeing parents who would 'rather see dead children than trans children.',emotional_reaction
u/InitialBest9819,Shock at seeing custodians 'destroy all vegetation' rather than keeping a school garden.,emotional_reaction
u/OffSeer,Cynical referral to 'Idiocracy' as a documentary rather than a comedy.,emotional_reaction
u/Dukenstein12,Unsettling feeling that talking to 10-year-olds feels like talking to 5-year-olds.,emotional_reaction
u/beckster,Irritation with 'weaponized incompetence' in adult partners and colleagues.,emotional_reaction
u/Aggravating_Sir_6857,Contempt for the 'low IQ' of both pediatric patients and their parents.,emotional_reaction
u/Wurmhats,Quitting a government job because the public's 'learned helplessness' was depressing.,emotional_reaction
u/ProfessorDoomDoom,Professional described as a 'raging success' for just getting kids to follow directions.,emotional_reaction
u/Itsacalamity,Feeling of driving someone 'nuts' when students give up at the first hurdle.,emotional_reaction
u/hydrangeasinbloom,Concern that major industry infrastructure will fail under the 'dead weight' of new hires.,emotional_reaction
u/HillieBillieEilish,Worry regarding the structural integrity of bridges designed by current students.,emotional_reaction
u/WaffleDogStanley,Dismay that Netflix movies must restate plots for viewers distracted by phones.,emotional_reaction
u/Jenzacade,Heartbreaking sight of kids screaming and kicking because they don't know how to play.,emotional_reaction
u/hic_sunt_leones_,Disheartening realization that kids can't pay attention for more than 30 seconds.,emotional_reaction
u/vwin90,Fear that students are 'afraid to look like they care' and appear depressed as a baseline.,emotional_reaction
u/vwin90,Concern that college admissions are 'broken' for the high-performing top tier.,emotional_reaction
u/daniedviv23,Despair for humanity alleviated only by three students who actually care.,emotional_reaction
u/LifeIsNeverSimple,Parents in Sweden failing kids by providing social media and phones over books.,systemic_critique
u/LifeIsNeverSimple,Demand for a 'complete ban' on smartphones for children under the age of 13 or 15.,systemic_critique
u/schmidit,Literacy crisis is actually a 'poverty crisis' caused by burning down the middle class.,systemic_critique
u/schmidit,Shift of the entire education tax burden onto property taxes while businesses get cuts.,systemic_critique
u/LifeIsNeverSimple,Swedish system shift toward math has come at the expense of early-age reading.,systemic_critique
u/throwmamadownthewell,The 'Matilda' effect vs 'iPad' delays caused by parental choices in daycare and engagement.,systemic_critique
u/Icy-Builder5892,Parents abandoning the 'wind-down' reading routine in favor of handing kids to Mr. Beast.,systemic_critique
u/lgruner,Spending time with kids now defined as being on a phone while the kid uses an iPad.,systemic_critique
u/foreverythingthatis,Cultural shift from optimism to pessimism; kids see degrees as useless 'death sentences.',systemic_critique
u/slutty_lifeguard,"High school no longer promising rewards for hard work, leading to 'unplugged' kids.",systemic_critique
u/intricate_strands,The 'no-fail' policy preventing students from ever learning how to 'swim' or fail safely.,systemic_critique
u/ryeaglin,Schools flat-out refusing to hold kids back despite parent requests for retention.,systemic_critique
u/dreadpwestly,"Widespread reliance on AI as a bypass for thinking, supported by corporate marketing.",systemic_critique
u/Camburglar13,Movie industry 'dumbing down' plots to accommodate viewers distracted by phones.,systemic_critique
u/elfliner,Argument that the crisis is a direct result of adults failing to invest in children.,systemic_critique
u/M4rshmall0wMan,"Kids only knowing behaviors that are allowed and rewarded, like unrestricted YouTube.",systemic_critique
u/opossumcarrion,Society mirroring 'Fahrenheit 451' through the neglect of English and spelling.,systemic_critique
u/jceazy,Direct claim that parents are not teaching grade school kids how to read or function.,systemic_critique
u/Accomplished-Film775,Parents expecting kids to learn via 'osmosis' while providing distracting technology.,systemic_critique
u/lazy_days_of_summer,"Standards from 2nd grade being pushed into Kindergarten, which is developmentally wrong.",systemic_critique
u/lazy_days_of_summer,Major publishers (Pearson) creating 'crap' curriculum due to state mandate requirements.,systemic_critique
u/schmidit,Housing instability and food insecurity cited as the primary enemies of education.,systemic_critique
u/SirSilentscreameth,Cultural shift toward 'you know what I meant' excuses rather than coherent literacy.,systemic_critique
u/solid_reign,"Transition of Reddit from an 'obsessive engineer' space to a widespread, low-literacy one.",systemic_critique
u/Heavy_Ad_170,Schools stopping the teaching of phonics in favor of the ineffective 'sight word' method.,systemic_critique
u/ituralde_,'Sold a Story' podcast context: training kids to memorize words like Chinese characters.,systemic_critique
u/TheoSqua,Pandemic compounding the issues of an already flawed 'memorize common words' curriculum.,systemic_critique
u/MinimumEfficient220,1960s Santa Monica vs LASD: a long-standing historical cycle of phonics vs. whole language.,systemic_critique
u/the_throw_away4728,Socioeconomic inequality means the cards are stacked against low-income families.,systemic_critique
u/DerHoggenCatten,Screens replacing books and games (Yahtzee/Monopoly) that once reinforced skills in poverty.,systemic_critique
u/IamPat28,Wealthy parents prioritizing 2-week vacations and travel sports over academic stamina.,systemic_critique
u/FCMadmin,Daycare/relatives serving as 'digital babysitters' due to two-earner household pressures.,systemic_critique
u/FCMadmin,Administrative pressure to 'artificially bump' kids into higher grades to protect funding.,systemic_critique
u/ChuckaChuckaLooLoo3,"Parents 'rescuing' kids from every screw-up, preventing the development of responsibility.",systemic_critique
u/bayridgeguy09,Social culture prioritizing dance and sports competitions over advanced classes or reading.,systemic_critique
u/LivingLosDream,The GOP's perceived 'weaponization of incompetence' to maintain an uneducated stupor.,systemic_critique
u/Erikthered65,"Schools assuming kids have home computers, when they actually only have iPads.",systemic_critique
u/shadow041,Building admins terrified of 'Stupidintendents' who only care about cushy jobs and metrics.,systemic_critique
u/globster222,"Government stripping away woodshop, art, and music to create controllable 'dumb people.'",systemic_critique
u/MiguelIstNeugierig,Rigid education systems expecting a student type from an environment that no longer exists.,systemic_critique
u/Jesus_on_a_biscuit,54% of American adults reading below 6th grade level creating a non-literate society.,systemic_critique
u/ViolaOrsino,Failure of the 'three-legged stool': abandonment by administration and lack of pay.,systemic_critique
u/mercyverse,Teacher pay being 'sawn shorter' by societal and administrative abandonment.,systemic_critique
u/SaltyKyle,No Child Left Behind (NCLB) requiring numbers to look better or risk funding threats.,systemic_critique
u/Keirii55,Low teacher pay and retention leading to lower literacy standards for the educators themselves.,systemic_critique
u/FreshOrFrozenShrimp,Parents expecting teachers to do all the work while doing zero reading at home.,systemic_critique
u/ituralde_,Non-phonetic reading education training children to guess via context clues rather than decoding.,systemic_critique
u/nice_guy_threeve,"Schools teaching too many 'different ways' to visualize numbers, confusing both kids and parents.",systemic_critique
u/dragonmom1,Administration pressuring teachers to pass every kid regardless of actual readiness.,systemic_critique
u/Winterlash,Shift toward audiobooks leading to lower brainwave activity compared to active reading.,systemic_critique
u/uncertainally,Pearson's virtual monopoly on state testing and curriculum tailored only to the tests.,systemic_critique
u/bonsoir_friend,Wealth-hoarding class using tablets and apps to trap the working class in uneducated poverty.,systemic_critique
u/Sin_With_Me43,Parents wanting 'puppy-like' children but refusing the actual labor of parenting.,systemic_critique
u/thedukejck,Far-right wing policies destroying teacher unions and underfunding public schools.,systemic_critique
u/CoacoaBunny91,Inclusive education initiatives in Japan leading to zero consequences for behavioral students.,systemic_critique
u/CoacoaBunny91,Japanese parents allowing absenteeism because they 'can't make' the child listen.,systemic_critique
u/Affectionate-Band687,Total lack of regulation for smartphones and social media for children under 18.,systemic_critique
u/BetteMoxie,Crisis ignored for a decade until incapable young adults entered the workforce.,systemic_critique
u/tune__order,Customer service mentality in education where parents demand straight 'As' for nothing.,systemic_critique
u/ophaus,COVID lockdowns hitting kids from unstable homes harder than those in stable ones.,systemic_critique
u/InitialBest9819,$350 billion taken from public education through political decisions over time.,systemic_critique
u/InitialBest9819,Board members voting to remove Algebra from schools to lower the performance bar.,systemic_critique
u/punarob,National literacy median of 5th-6th grade allowing populist morons to be elected.,systemic_critique
u/TheVeil36,College culture allowing students to file complaints against teachers for banning AI.,systemic_critique
u/ProfessorDoomDoom,Standards being 'shamefully low' in college writing courses to maintain enrollment.,systemic_critique
u/nismo2070,The 'one percent' wanting workers rather than thinkers through the decline of education.,systemic_critique
u/Ferrymansobol,5-year-olds entering school not toilet trained because parents think it is the school's job.,systemic_critique
u/snek-n-gek,Parents 'ramrodding' kids into advanced courses they aren't prepared for to follow social norms.,systemic_critique
u/EpilepticSeizures,ISD policies forcing teachers to give 60% for just a student's name on a paper.,systemic_critique
u/jenntasticxx,Schools providing laptops in 2nd grade despite a lack of typing instruction.,systemic_critique
u/TRMBound,American education system designed for profit and rising anti-intellectualism.,systemic_critique
u/cfs3corsair,"Teacher expresses a personal ""plea"" for help based on an emotional anecdotal struggle with student ""cognitive surrender""",emotional_reaction
u/LifeIsNeverSimple,Teacher improves student learning by supplying them with easy to read material,professional_obs
